,site_id,site_name,geometry
3918,3445,OLYMPIC BLVD(SWAN) NR BATMAN,POINT (144.980896932564 -37.8235988378246)
3744,2990,MCG ACCESS/BRUNTON,POINT (144.982455933043 -37.8206738375734)
92,3409,OLYMPIC BLVD/RECTANGULAR STADIUM EAST AC,POINT (144.985050931699 -37.824132837996)
2035,4551,SWAN ST BRIDGE/BATMAN/OLYMPIC BLVD,POINT (144.978538932869 -37.8233138372426)
162,4558,OLYMPIC BLVD(SWAN)/TRAM ACCESS,POINT (144.98671493125 -37.82432883844)
2034,4550,ALEXANDRA/SWAN BRIDGE.,POINT (144.976649933262 -37.8231818373295)
816,3408,OLYMPIC BLVD/MELBOURNE PARK ENT D,POINT (144.987969930868 -37.8245038380023)
103,4557,BATMAN NR GATE 2 MELBOURNE PARK TENNIS C,POINT (144.976225933887 -37.8203698376491)
2670,3392,PUNT/BRUNTON,POINT (144.989110930765 -37.8230338384045)
2671,3393,PUNT/SWAN,POINT (144.988860930493 -37.8245888379859)
746,4552,ALEXANDRA/ANDERSON,POINT (144.98485893141 -37.8283338376584)
392,1038,PUNT/GATE 6,POINT (144.989392931202 -37.8214368381349)
200,4529,MELBOURNE PARK NTH ACCESS/FED SQ ACCESS,POINT (144.976390934307 -37.8183928377951)
2669,3391,PUNT/ROWENA,POINT (144.989588931465 -37.8202858382167)
1228,4452,WELLINGTON NR AGNES,POINT (144.980153932942 -37.816575837829)
745,4549,ALEXANDRA/LINLITHGOW,POINT (144.973718933993 -37.8216158368941)
199,4528,BATMAN/MELB PARK NTH ACCESS,POINT (144.975681934226 -37.818485837288)
1349,1052,WELLINGTON/CLARENDON,POINT (144.982619933143 -37.8160818382027)
4342,1586,Wellington Parade near Powlett Street,POINT (144.984005932193 -37.816231838247)
1227,4451,WELLINGTON STH/JOLIMONT,POINT (144.978987933914 -37.8164498374996)
1229,4453,WELLINGTON/POWLETT,POINT (144.985192932234 -37.8163678377139)
217,3394,MONASH ON RAMP NR PUNT,POINT (144.98813993095 -37.8288518381195)
3068,2934,WELLINGTON/JOLIMONT,POINT (144.979117933664 -37.8156938380291)
2897,3861,SWAN/CREMORNE,POINT (144.991565930289 -37.8249458387598)
1231,4457,WELLINGTON NR SIMPSON,POINT (144.98798693249 -37.8168248382258)
3917,3973,LINLITHGOW NR ST KILDA,POINT (144.972019934239 -37.8224208369809)
4400,4454,WELLINGTON/LANSDOWNE,POINT (144.977363934263 -37.8154998373191)
2168,3390,PUNT/BRIDGE/HODDLE/WELLINGTON,POINT (144.990018931707 -37.8175418384335)
2445,3395,PUNT/ALEXANDRA,POINT (144.987850930687 -37.8306198382817)
2033,4533,ST KILDA NR GRANT,POINT (144.97085093393 -37.8248648375127)
2620,4807,SWAN/LENNOX,POINT (144.993394929944 -37.8251628387189)
2032,4532,ST KILDA/SOUTHBANK,POINT (144.970133934913 -37.8233028370533)
1846,3867,LENNOX NR RICHMOND,POINT (144.993936930818 -37.8219798391213)
3480,2932,WELLINGTON/SPRING/FLINDERS,POINT (144.974872934447 -37.8152768375011)
3070,2936,ST KILDA NR SOUTHBANK (NOLAN),POINT (144.969768934195 -37.8225088367003)
243,4534,ST KILDA NR COVENTRY,POINT (144.971367933637 -37.8282388370711)
206,3868,BRIDGE NR VERITY,POINT (144.992669930541 -37.8178358388985)
1193,2931,FLINDERS/WELLINGTON STH,POINT (144.973639934488 -37.8156268371766)
2008,3389,HODDLE/FREEMAN,POINT (144.990372931734 -37.8153178386885)
747,4555,ANDERSON NR ACLAND,POINT (144.983888930561 -37.8332488381052)
748,4560,EXHIBITION/FLINDERS,POINT (144.972387935011 -37.8159968373595)
1847,3869,ERIN NR NORMANBY,POINT (144.992253930811 -37.8165128382924)
4474,2024,SPRING / FLINDERS LANE,POINT (144.974415934564 -37.8142898369041)
743,4547,DOMAIN NR DOMAIN,POINT (144.977486932204 -37.8334768380661)
2007,3388,HODDLE NR HOTHAM,POINT (144.990503931963 -37.8144358383111)
744,4548,DOMAIN/PARK/BIRDWOOD,POINT (144.98252993056 -37.8341328384182)
2632,4819,SWAN NR WAVERLEY,POINT (144.995626929873 -37.8254138389437)
244,4535,ST KILDA NR DORCAS,POINT (144.971342933969 -37.8302728372121)
4459,1711,Flinders Street near Russell Street,POINT (144.970676934494 -37.8164948366843)
910,4800,BRIDGE/LENNOX,POINT (144.994629931073 -37.8180528385508)
242,4531,ST KILDA NR CONCERT HALL,POINT (144.968439934604 -37.819607836555)
3389,4889,STURT/KAVANAGH,POINT (144.967699934498 -37.8223408364702)
753,4568,EXHIBITION/FLINDERS LANE,POINT (144.971929934633 -37.8150088371525)
1135,2988,LANSDOWNE/ST ANDREWS,POINT (144.977944933789 -37.8121148377411)
2462,4561,RUSSELL/FLINDERS,POINT (144.969908934883 -37.8167228372961)
581,4888,STURT/SOUTHBANK,POINT (144.967317934407 -37.8236218365704)
939,4575,SPRING/COLLINS,POINT (144.973958935267 -37.8133028368604)
2592,4530,SWANSTON NR YARRA RIVER,POINT (144.967962935322 -37.8185678370505)
790,4159,CITY NR FANNING,POINT (144.966733935078 -37.8214178371281)
245,4536,ST KILDA/PARK/DOMAIN,POINT (144.971928933146 -37.8324288373127)
544,4576,COLLINS/EXHIBITION,POINT (144.971478935135 -37.8140338370433)
754,4569,RUSSELL/FLINDERS LANE,POINT (144.969459935882 -37.8157438366466)
830,3416,STURT NR GRANT,POINT (144.966723934443 -37.8256038371384)
2446,3396,PUNT/DOMAIN,POINT (144.987268930362 -37.8347488383412)
1179,4923,SOUTHBANK/KAVANAGH,POINT (144.966039934924 -37.8233778365703)
4362,4450,MACARTHUR NR ST ANDREWS,POINT (144.974838935028 -37.8117768377314)
1399,4447,ALBERT/CLARENDON,POINT (144.983559933633 -37.8103988381826)
4645,1707,Bridge Road near Waltham Street,POINT (144.996971930786 -37.8183338390119)
1400,4448,ALBERT/POWLETT,POINT (144.986164933489 -37.810690837954)
1176,4920,CITY/SOUTHGATE,POINT (144.965824935744 -37.8218268363195)
2621,4808,CHURCH/SWAN,POINT (144.997933928758 -37.8256728385784)
2637,4825,HIGHETT/LENNOX,POINT (144.995074930518 -37.8153448390995)
2862,4440,ALBERT NR EADES,POINT (144.980941934475 -37.8101118380014)
4351,3471,St Kilda Road near Bowen Crescent,POINT (144.974758932457 -37.8348678376424)
2640,4829,CHURCH NR BROUGHAM,POINT (144.998563929053 -37.8221118385568)
4403,4887,POWER/STURT,POINT (144.96619393428 -37.827322836865)
1401,4449,ALBERT/SIMPSON,POINT (144.988773932757 -37.8109838383893)
545,4577,RUSSELL/COLLINS,POINT (144.969007935284 -37.8147568367263)
553,4586,EXHIBITION/LITTLE COLLINS,POINT (144.971019935657 -37.8130448366992)
30,4489,WESTGATE FWY/POWER,POINT (144.965831934972 -37.826744836872)
2941,4152,CHURCH NR GIBBONS,POINT (144.997361929054 -37.8288738390484)
4828,3756,WGF/KINGS WAY IB,POINT (144.965356934521 -37.8262598366989)
4399,4446,ALBERT/LANSDOWNE,POINT (144.978337934116 -37.8098168372226)
755,4570,SWANSTON/FLINDERS LANE,POINT (144.966994936025 -37.8164718370236)
727,4593,SPRING/BOURKE,POINT (144.973051934654 -37.8113468375872)
4330,1319,BOURKE STREET NR SPRING STREET,POINT (144.972868934798 -37.8113998376128)
4664,1318,BOURKE STREET NR SPRING STREET,POINT (144.972836935459 -37.811409836935)
2005,3386,HODDLE/ALBERT/ELIZABETH,POINT (144.991122931617 -37.8112348383977)
3345,2933,VICTORIA/CLARENDON,POINT (144.983747933219 -37.8092638378496)
3739,2989,KAVANAGH BTW POWER & SOUTHBANK,POINT (144.964495935528 -37.8239308364732)
2932,4443,VICTORIA/WELLINGTON/POWLETT,POINT (144.985586932755 -37.8094778376427)
2896,3860,CHURCH/BALMAIN/COTTER,POINT (144.99708892949 -37.8303958388492)
247,4538,ST KILDA/KINGSWAY,POINT (144.975543931842 -37.8362048371007)
1878,4587,RUSSELL/LITTLE COLLINS,POINT (144.96855593586 -37.8137708366105)
2408,1306,ALEXANDRA AVENUE / YARRA STREET,POINT (144.993457929365 -37.8340938383974)
728,4594,BOURKE/EXHIBITION,POINT (144.97056993591 -37.8120738366764)
1844,3865,LENNOX NR YORK,POINT (144.995398931031 -37.8135578391065)
1215,4880,CITY/SOUTHBANK,POINT (144.963957936089 -37.822687836353)
911,4801,BRIDGE/CHURCH,POINT (144.99917592982 -37.8185708392406)
4822,2443,WGF/POWER OB,POINT (144.964587935003 -37.8270318364118)
